accuracy_mean,accuracy_std,f1_mean,f1_std
0.7689340463458111,0.021079569192174304,0.7676182597902558,0.02292654644228243
