Model,Accuracy,F1 Score (weighted)
Linear SVM,0.7466666666666667,0.7376796589787471
Logistic Regression,0.7386666666666667,0.7240303305928084
Random Forest,0.672,0.6384142640147417
